ID;LAT;LON;NAME;TIMESTAMP;ADDR_STREET;ADDR_CITY;ADDR_STATE;ADDR_POSTCODE;TAG_KEY;TAG_VALUE;DISTANCE
1229196667;50,0902909;14,4494304;;36:12,0;;;;;AMENITY;recycling;573
1237556564;50,0955973;14,4684661;Studio Divadla K??men;44:42,0;Nekvasilova;Praha 8;;18600;AMENITY;theatre;966
1314084713;50,0875412;14,4548586;MATRIX club;19:59,0;Konƒõvova;Praha 3;;;AMENITY;nightclub;701
1317088234;50,0935184;14,455158;M??j ????lek k??vy;57:24,0;K?ôi???≠kova;Praha;;18600;AMENITY;cafe;36
1117933116;50,0922297;14,4426762;Pizzeria Rialto;02:22,0;;;;;AMENITY;restaurant;916
1229196569;50,0931478;14,4479917;;36:09,0;;;;;AMENITY;recycling;524
1229196644;50,0874408;14,4531476;;08:43,0;;;;;AMENITY;recycling;727
1252116706;50,0858079;14,4506504;;03:14,0;;;;;AMENITY;school;951
1252116709;50,0859457;14,4486837;Spirit Bar;03:14,0;;;;;AMENITY;restaurant;995
1371440303;50,1008079;14,4499382;;47:05,0;;;;;AMENITY;shelter;862
1239698662;50,0908448;14,4651981;;42:14,0;;;;;AMENITY;drinking_water;786
1252116711;50,0858069;14,4505822;Mƒõstsk?? policie hlavn?≠ho mƒõsta Prahy;03:14,0;;;;;AMENITY;police;953
1328266785;50,0911735;14,4453639;;31:38,0;;;;;AMENITY;recycling;766
1229196627;50,09519;14,4536928;;36:11,0;;;;;AMENITY;recycling;186
1258717864;50,0898839;14,4613974;;32:56,0;;;;;AMENITY;car_wash;622
1229196563;50,0939702;14,4515692;;16:18,0;;;;;AMENITY;recycling;263
1702407020;50,0944038;14,4523734;Dhaba Beas;58:59,0;;;;;AMENITY;restaurant;214
1117933121;50,0921815;14,4423972;Gate;02:22,0;;;;;AMENITY;restaurant;937
3623046812;50,0878133;14,4563363;;34:37,0;;;;;AMENITY;restaurant;674
3623057870;50,0879509;14,455054;;48:23,0;;;;;AMENITY;bench;655
368244504;50,0934826;14,4480691;U Karl?≠nsk?©ho p?ô?≠stavu;07:40,0;;;;;AMENITY;restaurant;514
3726614863;50,0848676;14,4547653;Dobr?? Karma;33:18,0;;;;;AMENITY;restaurant;998
368244318;50,093588;14,448627;Amfora;24:50,0;;;;;AMENITY;restaurant;474
3726652803;50,0865441;14,4520553;Cafe Sonia;41:44,0;;;;;AMENITY;cafe;842
3740677346;50,0926605;14,4524104;ƒ?SOB;00:18,0;;;;;AMENITY;bank;241
3813119921;50,0863021;14,4571215;G a Hudebn?≠ ??kola;;;;;;;;
3909610059;50,0931791;14,4472161;;59:26,0;;;;;AMENITY;bicycle_parking;578
3623042982;50,0870131;14,4563229;Posta Praha 31;29:57,0;;;;;AMENITY;post_office;763
3623046810;50,0866104;14,4558025;;34:37,0;;;;;AMENITY;doctors;805
3623177569;50,087735;14,4570355;;04:16,0;;;;;AMENITY;restaurant;691
3999437159;50,0893368;14,4560942;;39:18,0;;;;;AMENITY;pub;504
4033212812;50,093653;14,4424834;;10:14,0;;;;;AMENITY;recycling;913
3815608981;50,0920418;14,44647;Frida;49:00,0;;;;;AMENITY;cafe;658
3936679460;50,093188;14,4467783;Lok??l Hamburk;23:06,0;Sokolovsk??;Praha;;18600;AMENITY;restaurant;609
1229196566;50,089317;14,4433644;;54:31,0;;;;;HIGHWAY;crossing;987
1229196578;50,0924347;14,4445334;;36:10,0;;;;;HIGHWAY;crossing;781
1229196608;50,0909132;14,4528829;;36:11,0;;;;;HIGHWAY;crossing;366
1229196659;50,0934954;14,4459136;;36:12,0;;;;;HIGHWAY;crossing;668
1317166757;50,0895684;14,4432086;;54:31,0;;;;;HIGHWAY;crossing;983
1467045248;50,0967548;14,4619101;;13:23,0;;;;;HIGHWAY;crossing;576
1131753271;50,0878292;14,4565261;;06:07,0;;;;;HIGHWAY;crossing;674
1131753393;50,0890131;14,4652314;;06:09,0;;;;;HIGHWAY;crossing;894
1131753407;50,0863271;14,4526888;;06:09,0;;;;;HIGHWAY;crossing;855
1131753419;50,0890685;14,4651147;;06:09,0;;;;;HIGHWAY;crossing;883
1131753571;50,0866339;14,4552559;;06:11,0;;;;;HIGHWAY;crossing;801
1131753614;50,0898694;14,465874;;06:12,0;;;;;HIGHWAY;crossing;879
1131776583;50,0887355;14,4633991;;24:49,0;;;;;HIGHWAY;crossing;814
1131810305;50,090708;14,4429249;;54:31,0;;;;;HIGHWAY;crossing;947
1138616700;50,0851014;14,4550681;;08:43,0;;;;;HIGHWAY;crossing;972
1229178044;50,0919252;14,4418614;;35:26,0;;;;;HIGHWAY;crossing;980
1229178050;50,0920405;14,4423568;;35:27,0;;;;;HIGHWAY;crossing;943
1229196546;50,0946562;14,4512434;;35:27,0;;;;;HIGHWAY;crossing;300
1229196582;50,0928403;14,4464352;;35:27,0;;;;;HIGHWAY;crossing;639
1229196597;50,0894005;14,4434569;;54:31,0;;;;;HIGHWAY;crossing;977
1229196610;50,0925492;14,4446847;;35:28,0;;;;;HIGHWAY;crossing;768
1229196686;50,0912513;14,4453872;;36:13,0;;;;;HIGHWAY;crossing;761
1303475746;50,0915771;14,4468726;;42:05,0;;;;;HIGHWAY;crossing;649
1303475849;50,091678;14,44695;;42:08,0;;;;;HIGHWAY;crossing;640
1304997547;50,0982552;14,445425;;40:58,0;;;;;HIGHWAY;traffic_signals;856
1421692702;50,097418;14,4622382;;57:33,0;;;;;HIGHWAY;crossing;639
1467045271;50,0971155;14,462044;;56:02,0;;;;;HIGHWAY;crossing;608
1467045281;50,0979734;14,4652856;;31:10,0;;;;;HIGHWAY;crossing;853
1733622552;50,0983648;14,4649108;;56:02,0;;;;;HIGHWAY;crossing;855
1825997275;50,0935526;14,4461273;;41:40,0;;;;;HIGHWAY;traffic_signals;652
1825997285;50,0953463;14,4544715;;57:18,0;;;;;HIGHWAY;traffic_signals;176
1825997286;50,0954111;14,4541013;;57:18,0;;;;;HIGHWAY;traffic_signals;192
1825997289;50,0971316;14,4616209;;56:03,0;;;;;HIGHWAY;traffic_signals;585
1825997292;50,0983168;14,4649558;;56:03,0;;;;;HIGHWAY;traffic_signals;855
1825997278;50,0938247;14,4462841;;57:18,0;;;;;HIGHWAY;traffic_signals;640
1825997282;50,0939078;14,4459258;;41:40,0;;;;;HIGHWAY;traffic_signals;666
1825997290;50,0974434;14,4622917;;57:19,0;;;;;HIGHWAY;traffic_signals;644
1825997291;50,0982975;14,4645959;;57:19,0;;;;;HIGHWAY;traffic_signals;833
1826208725;50,0902366;14,4674552;;46:58,0;;;;;HIGHWAY;traffic_signals;961
1258710284;50,0898385;14,461607;;32:58,0;;;;;AMENITY;fuel;636
1303475823;50,0934574;14,4555506;;42:08,0;;;;;HIGHWAY;crossing;48
1303475846;50,0933993;14,4552897;;42:08,0;;;;;HIGHWAY;crossing;49
1386628931;50,0947384;14,4550541;;35:40,0;;;;;HIGHWAY;crossing;100
1421111957;50,0942901;14,4589602;;30:41,0;;;;;HIGHWAY;crossing;270
1733622549;50,0983266;14,464662;;57:34,0;;;;;HIGHWAY;crossing;838
1964429100;50,0850969;14,4542647;Karel Havl?≠ƒçek Borovsk??;53:53,0;;;;;HISTORIC;memorial;975
2318297306;50,0917086;14,4559689;Qarta architektura;38:23,0;Pernerova;;;180 00;OFFICE;architect;242
2861714484;50,0949872;14,4505302;Monster Worldwide CZ;;;;;;;;
296718724;50,0950734;14,4534252;Justiz-Caps;31:08,0;Pob?ôe??n?≠;Praha;;18600;OFFICE;company;188
3471426879;50,0951166;14,4461136;;05:30,0;;;;;NATURAL;rock;668
3787795395;50,0965972;14,46518;;04:59,0;;;;;NATURAL;tree;774
3787795396;50,097371;14,4646389;;16:51,0;;;;;NATURAL;tree;778
2610451756;50,0935014;14,4444077;ƒ?esk?? podnikatelsk?? poji????ovna;24:17,0;;;;;OFFICE;insurance;776
3787795399;50,0971014;14,4647603;;16:51,0;;;;;NATURAL;tree;771
3787795401;50,0970837;14,4645993;;16:52,0;;;;;NATURAL;tree;760
3788911343;50,0965008;14,4649277;;16:17,0;;;;;NATURAL;tree;753
29581461;50,1008196;14,4500681;Tusarova;40:53,0;;;;;RAILWAY;tram_stop;860
794609196;50,087164;14,4519799;;20:11,0;;;;;SHOP;chemist;778
3509790191;50,0882005;14,4546785;Park V?≠tkov;48:57,0;;;;;TOURISM;information;628
3726617573;50,0867718;14,4522418;Hotel Dalimil;23:09,0;Prokopova;Praha 3;;CZ - 130 00;TOURISM;hotel;814
296693693;50,0876632;14,4451644;Vojensk?? historick?? ??stav Praha;39:56,0;U pam??tn?≠ku;;;13000;TOURISM;museum;995
3198473842;50,0883792;14,4490333;;39:29,0;;;;;TOURISM;viewpoint;752
3229526509;50,0872146;14,4542184;Hotel Seifert;23:19,0;;;;;TOURISM;hotel;740
3779868858;50,0939144;14,4484738;Hostel;25:06,0;Pob?ôe??n?≠;Praha;;18600;TOURISM;hostel;484
3204037436;50,087594;14,4531924;Storm Club;26:15,0;Tachovsk?© n??mƒõst?≠;Praha;;13000;UNCATEGORIZED;;710
1165450456;50,1017757;14,4527666;Puccelini;08:12,0;;;;;AMENITY;restaurant;900
1236482705;50,090393;14,4500004;1. K?†PA;34:40,0;;;;;AMENITY;school;536
1300101250;50,0903395;14,4657134;;16:58,0;;;;;AMENITY;recycling;844
1353760031;50,0946173;14,4600665;;31:54,0;;;;;AMENITY;toilets;356
1353760034;50,0945331;14,4597661;Letn?≠ kino Regina;31:54,0;;;;;AMENITY;cinema;332
1457644954;50,0927916;14,4522608;Stanice K?ôi???≠kova;59:16,0;;;;;AMENITY;bicycle_rental;242
1472901802;50,0918217;14,4418663;In Loco;55:00,0;;;;;AMENITY;restaurant;982
1675015650;50,1022432;14,4564518;;17:26,0;;;;;AMENITY;restaurant;938
1675015662;50,1023944;14,4562754;;17:27,0;;;;;AMENITY;fast_food;954
1682874334;50,0943828;14,4514802;Vin??rna K?ôi???≠k;40:11,0;;;;;AMENITY;bar;275
1730814019;50,087304;14,456794;L?©k??rna U Konƒõ;22:21,0;;;;;AMENITY;pharmacy;735
1438171899;50,0877908;14,4518497;;52:08,0;;;;;AMENITY;bench;715
1629940277;50,0912026;14,4458634;U Mrtv??ho pt??ka;55:22,0;;;;;AMENITY;restaurant;732
1457644951;50,0975283;14,4650552;Stanice Invalidovna;50:14,0;;;;;AMENITY;bicycle_rental;813
1457644955;50,0937997;14,4573908;Stanice Lyƒçkovo n??mƒõst?≠;50:15,0;;;;;AMENITY;bicycle_rental;153
1629934908;50,0925818;14,4485745;U ƒ?ern?? pl?≠ce;52:01,0;;;;;AMENITY;restaurant;497
165899218;50,1005395;14,4462053;;01:03,0;;;;;AMENITY;post_office;986
1814914753;50,100399;14,4484751;;32:07,0;;;;;AMENITY;fast_food;875
2002746005;50,0912265;14,4514294;;37:28,0;;;;;AMENITY;bicycle_parking;398
1675015627;50,1022973;14,4527355;Port Stanley;40:52,0;;;;;AMENITY;restaurant;957
170269221;50,1017319;14,4501554;;01:15,0;;;;;AMENITY;post_box;950
3909605659;50,0931397;14,4580163;;02:02,0;;;;;AMENITY;bicycle_parking;213
3909612350;50,0939001;14,4515907;;45:33,0;;;;;AMENITY;bicycle_parking;261
3923581532;50,0959959;14,4478873;P?ô?≠stav 186 00;29:48,0;Za karl?≠nsk??m p?ô?≠stavem;Praha;;18600;AMENITY;fast_food;578
392032702;50,0876292;14,4533806;;55:05,0;;;;;AMENITY;telephone;703
392032703;50,0874304;14,4552269;;55:06,0;;;;;AMENITY;telephone;712
3945402575;50,0938522;14,4513637;;40:11,0;;;;;AMENITY;atm;277
3772609577;50,0893782;14,4449864;Indian by nature;36:47,0;;;;;AMENITY;restaurant;885
3838733613;50,0998529;14,4478857;Asijsk?© bistro Tuan Vu Minh;55:47,0;;;;;AMENITY;restaurant;851
458502624;50,0944705;14,4438419;Simply Caf?©;22:26,0;;;;;AMENITY;restaurant;818
467964157;50,0886523;14,4615271;;55:18,0;;;;;AMENITY;telephone;731
467964176;50,0899558;14,4670132;Yang zi jiang;19:42,0;;;;;AMENITY;restaurant;946
524515731;50,0938267;14,4513024;UniCredit Bank;42:10,0;;;;;AMENITY;bank;281
534434275;50,0873006;14,4526369;;55:27,0;;;;;AMENITY;telephone;750
544354729;50,0893298;14,4669793;;02:01,0;;;;;AMENITY;post_box;978
628129217;50,0947312;14,4552037;Kachna a kor??b;45:51,0;;;;;AMENITY;pub;99
3814615427;50,0906228;14,4479162;SOU kade?ônick?©;54:03,0;;;;;AMENITY;school;634
4031606646;50,0913622;14,454374;Eska;20:02,0;Pernerova;Praha;;18600;AMENITY;restaurant;282
4033214990;50,0943567;14,4442161;;13:22,0;;;;;AMENITY;fountain;790
463191712;50,0944426;14,4456232;;47:56,0;;;;;AMENITY;parking;691
658936421;50,0868047;14,4498534;;55:37,0;;;;;AMENITY;telephone;872
4122993066;50,0928975;14,4444522;;59:35,0;;;;;AMENITY;telephone;779
467846286;50,0892241;14,4653109;V Roh??ƒçov?©;50:57,0;;;;;AMENITY;restaurant;884
528166054;50,0941435;14,4521806;;55:25,0;;;;;AMENITY;telephone;221
646896290;50,0915213;14,4550481;Forum Karl?≠n;;;;;;;;
426177107;50,0874379;14,4524339;;52:13,0;;;;;AMENITY;restaurant;739
449723171;50,0946501;14,4533393;Krystal;45:01,0;Sokolovsk??;;;18600;AMENITY;pub;163
528174558;50,093648;14,4518802;;06:07,0;;;;;AMENITY;fast_food;241
1419918403;50,0946958;14,4576775;;25:19,0;;;;;HIGHWAY;crossing;198
1826208730;50,0904734;14,4676904;;52:41,0;;;;;HIGHWAY;traffic_signals;966
1421111956;50,0942232;14,4589223;;53:50,0;;;;;HIGHWAY;crossing;266
1467045269;50,0970849;14,4619324;;56:02,0;;;;;HIGHWAY;crossing;599
1560688441;50,0920388;14,4486268;;48:43,0;;;;;HIGHWAY;crossing;513
1825997288;50,097069;14,4620726;;56:02,0;;;;;HIGHWAY;traffic_signals;606
1922635724;50,0936598;14,4433636;;12:12,0;;;;;HIGHWAY;crossing;850
1941178493;50,0949116;14,4509663;;37:37,0;;;;;HIGHWAY;crossing;328
21311321;50,0873624;14,4530966;;08:43,0;;;;;HIGHWAY;crossing;736
1922621285;50,0946345;14,4574213;;48:15,0;;;;;HIGHWAY;crossing;179
1941178525;50,0974274;14,461872;;37:37,0;;;;;HIGHWAY;crossing;620
2145830412;50,0877145;14,4564418;;06:46,0;;;;;HIGHWAY;crossing;686
21673271;50,0906379;14,4427545;;36:22,0;;;;;HIGHWAY;traffic_signals;961
1825997293;50,0986296;14,4649286;;56:03,0;;;;;HIGHWAY;traffic_signals;874
1839600652;50,0945041;14,4634361;;41:34,0;;;;;HIGHWAY;crossing;591
1933439479;50,1002957;14,4500811;;31:15,0;;;;;HIGHWAY;crossing;807
1871005892;50,0874279;14,4532785;;08:58,0;;;;;HIGHWAY;crossing;726
1922635721;50,0935843;14,4434203;;12:12,0;;;;;HIGHWAY;crossing;846
3788911342;50,0963975;14,4649786;;16:17,0;;;;;NATURAL;tree;752
3761654506;50,0944684;14,4434751;KEEN Software House;08:19,0;;;;;OFFICE;it;844
3787795393;50,0968071;14,4648327;;16:17,0;;;;;NATURAL;tree;761
3787795394;50,0970498;14,4644069;;16:51,0;;;;;NATURAL;tree;746
3423138564;50,0943978;14,4431659;Nokia Solutions and Networks Czech Republic s.r.o;18:22,0;;;;;OFFICE;it;866
3545267102;50,0942445;14,4439451;GoodData;50:36,0;Karolinsk??;Praha 8;;18600;OFFICE;company;809
3787795390;50,0971155;14,4648394;;16:51,0;;;;;NATURAL;tree;777
3787795392;50,0970725;14,4645417;;16:51,0;;;;;NATURAL;tree;756
3787795398;50,0972428;14,4647234;;16:51,0;;;;;NATURAL;tree;776
3494682524;50,09189;14,4513287;Dial Telecom;;;;;;;;
1711518807;50,0886872;14,4444549;;49:57,0;;;;;RAILWAY;buffer_stop;961
1711518810;50,0887259;14,4444381;;49:57,0;;;;;RAILWAY;buffer_stop;959
1711518947;50,0916731;14,4421244;;03:12,0;;;;;RAILWAY;switch;968
24569272;50,0935757;14,4516881;K?ôi???≠kova;;;;;;;;
1229178044;50,0919252;14,4418614;;35:26,0;;;;;RAILWAY;crossing;980
1229178050;50,0920405;14,4423568;;35:27,0;;;;;RAILWAY;crossing;943
1229196610;50,0925492;14,4446847;;35:28,0;;;;;RAILWAY;crossing;768
1662077347;50,0978348;14,4650915;;33:35,0;;;;;RAILWAY;crossing;833
603700527;50,0907411;14,4650347;;39:19,0;;;;;LEISURE;playground;781
1276837832;50,0917159;14,4554851;;19:03,0;;;;;MAN_MADE;chimney;236
2197328293;50,0907667;14,4568843;Invalidovna - Park 6;03:33,0;;;;;MAN_MADE;surveillance;361
2197328296;50,0914145;14,4602542;Invalidovna - Park 8 - otoƒçn??;03:33,0;;;;;MAN_MADE;surveillance;448
2197359830;50,0956881;14,4596631;Kaizlovy sady3;15:12,0;;;;;MAN_MADE;surveillance;377
2197396751;50,0933651;14,4517881;K?ôi???≠kova-Metro II;30:18,0;;;;;MAN_MADE;surveillance;252
2197396752;50,0936645;14,4516218;K?ôi???≠kova-Metro I;30:18,0;;;;;MAN_MADE;surveillance;259
3787795400;50,09706;14,4644767;;16:51,0;;;;;NATURAL;tree;751
306272610;50,0899397;14,4667432;Rossmann;05:43,0;;;;;SHOP;chemist;930
306695686;50,0898567;14,4663605;;01:29,0;;;;;SHOP;grocery;910
3623046809;50,0868806;14,4556604;;34:37,0;;;;;SHOP;pet;774
373388369;50,0974772;14,4655201;Albert;56:03,0;;;;;SHOP;supermarket;839
296718810;50,0945195;14,4544482;Pentahotel;51:42,0;?†aldova;;;18600;TOURISM;hotel;94
1168457067;50,1017912;14,4553253;Squash Hole??ovice;19:37,0;;;;;SPORT;squash;884
1822104779;50,0869917;14,4516447;Hotel Gloria;06:46,0;Prokopova;Praha 3;;CZ - 130 00;TOURISM;hotel;804
1982905663;50,0888451;14,4603394;Hostel Marabou;49:43,0;;;;;TOURISM;hostel;664
2504036066;50,0935945;14,4486826;Hotel Karlin;50:06,0;;;;;TOURISM;hotel;470
2687053816;50,0913074;14,4642118;;38:39,0;;;;;TOURISM;picnic_site;701
2528585236;50,0924652;14,4436891;Pension Florenc;07:42,0;;;;;TOURISM;guest_house;840
2532190119;50,0924862;14,4416026;B&B Prague-City Hotel;09:17,0;;;;;TOURISM;hotel;987
3505213101;50,0953419;14,4604147;Invalidovna: Historie stavby a parku;45:48,0;;;;;TOURISM;information;406
3557794198;50,0859725;14,4508892;Bily Lev;35:16,0;;;;;TOURISM;hotel;928
4033211984;50,0938208;14,4427578;Pneuservis;11:01,0;;;;;SHOP;car_repair;893
4123715590;50,0992983;14,4484762;Expert-Cyklocentrum;55:33,0;;;;;SHOP;bicycle;776
2080322473;50,0922628;14,4438104;Pho Viet Huong;38:27,0;Sokolovsk??;Praha 8;;18600;AMENITY;fast_food;836
2002746002;50,090999;14,4512072;Karlin Studios;37:28,0;;;;;AMENITY;arts_centre;427
2041542168;50,0922161;14,4483297;;21:36,0;;;;;AMENITY;bicycle_parking;526
2080322479;50,0925148;14,4440738;;19:42,0;;;;;AMENITY;restaurant;812
2060640352;50,0875716;14,4615696;;58:24,0;;;;;AMENITY;atm;831
1920012010;50,0860888;14,4484876;Pardubick?? pivnice U J??ry;09:58,0;;;;;AMENITY;pub;988
1937947873;50,0907794;14,467221;Zahr??dky ??i??kov;08:08,0;;;;;AMENITY;biergarten;922
1968330552;50,0946486;14,4550289;;59:23,0;;;;;AMENITY;bicycle_parking;91
2161935833;50,0871803;14,4495294;U Vyst?ôelen??ho voka;08:05,0;;;;;AMENITY;restaurant;846
410726423;50,0996716;14,4459841;Hole??ovick?? tr??nice;28:39,0;;;;;AMENITY;marketplace;927
467846283;50,0893164;14,4658084;Bar 109;50:57,0;;;;;AMENITY;bar;908
528174548;50,0937526;14,4515798;Jeƒçm?≠nek;32:23,0;;;;;AMENITY;fast_food;262
619170399;50,098228;14,466333;Ve?ôejn?© WC;58:18,0;;;;;AMENITY;toilets;931
4017204046;50,0955437;14,448469;Rohan - Karl?≠n;47:47,0;;;;;AMENITY;parking;520
450566320;50,0860805;14,4552471;XT3;25:52,0;;;;;AMENITY;pub;863
475376663;50,1005915;14,4471739;;55:21,0;;;;;AMENITY;car_wash;947
794638475;50,0875798;14,4587103;;02:14,0;;;;;AMENITY;post_box;739
941177533;50,0920292;14,4417855;Mlsn?? kavka;53:40,0;;;;;AMENITY;restaurant;983
958786261;50,094771;14,4544771;Stanice Ibis;50:15,0;;;;;AMENITY;bicycle_rental;117
426162004;50,0882655;14,4578246;Bar Club K35A;11:27,0;Konƒõvova;;;;AMENITY;bar;647
458501848;50,0943163;14,4429407;Simply Restaurant;21:53,0;;;;;AMENITY;restaurant;881
467964159;50,088493;14,4614837;Poh??dka;41:26,0;;;;;AMENITY;restaurant;743
524522037;50,0939978;14,4507843;;01:58,0;;;;;AMENITY;post_box;319
528143406;50,0940719;14,4520347;Gaya;49:09,0;;;;;AMENITY;restaurant;230
528173714;50,094108;14,4511978;;42:52,0;;;;;AMENITY;atm;290
658936420;50,0867596;14,4498975;Mƒõstsk?? knihovna v Praze - poboƒçka ??i??kov;51:07,0;;;;;AMENITY;library;875
765048881;50,0895121;14,4639228;;02:13,0;;;;;AMENITY;post_box;786
1236962380;50,0926067;14,4585871;;04:07,0;;;;;BARRIER;gate;276
794536600;50,0879179;14,4566253;Dobr?? trefa;28:59,0;;;;;AMENITY;restaurant;666
1026341251;50,0935529;14,4463191;;00:02,0;;;;;BARRIER;block;639
958786258;50,0931586;14,44783;Stanice Po??ta;52:25,0;;;;;AMENITY;bicycle_rental;535
1389140558;50,0981497;14,4590981;;39:20,0;;;;;BARRIER;block;553
21673262;50,0947871;14,4547733;;48:43,0;;;;;HIGHWAY;traffic_signals;110
2580740947;50,0860495;14,455473;;48:13,0;;;;;HIGHWAY;crossing;866
21673267;50,0929365;14,4464228;;48:43,0;;;;;HIGHWAY;traffic_signals;638
21673404;50,0871269;14,4512125;;36:18,0;;;;;HIGHWAY;traffic_signals;800
3505213103;50,0956356;14,4613998;Petrus Strozzi;29:11,0;;;;;HISTORIC;monument;483
1252116716;50,085786;14,4506834;Ti??erova ??kola boxu;03:15,0;;;;;LEISURE;sports_centre;953
2261944834;50,0928212;14,4532284;Holmes Place;16:37,0;;;;;LEISURE;sports_centre;183
1168457067;50,1017912;14,4553253;Squash Hole??ovice;19:37,0;;;;;LEISURE;sports_centre;884
2610222553;50,0972771;14,4645452;Invalidovna;;;;;;;;
244015095;50,0907169;14,4678781;;52:41,0;;;;;RAILWAY;switch;968
24958997;50,0910829;14,4423223;;03:12,0;;;;;RAILWAY;switch;973
293572387;50,098301;14,4442095;Pra??sk?? tr??nice;40:53,0;;;;;RAILWAY;tram_stop;932
24569287;50,0926136;14,4514122;K?ôi???≠kova;;;;;;;;
24569342;50,096808;14,4631401;Invalidovna;;;;;;;;
335785777;50,0901625;14,4671091;Ohrada;32:19,0;;;;;HIGHWAY;bus_stop;942
369830303;50,0894679;14,4432345;;54:32,0;;;;;HIGHWAY;crossing;987
3733492898;50,0901141;14,4666435;Ohrada;38:00,0;;;;;HIGHWAY;bus_stop;915
3505213102;50,0962336;14,4611001;Pam??tn?≠k utonul??ch voj??k??;45:48,0;;;;;HISTORIC;monument;496
3642976742;50,10217;14,4527329;Vinn?? club U Dolej??k??;42:18,0;;;;;SHOP;alcohol;943
3642985480;50,1024952;14,4527916;Potraviny;53:56,0;;;;;SHOP;convenience;978
658936806;50,0870053;14,4511485;;00:09,0;;;;;SHOP;convenience;814
2261944834;50,0928212;14,4532284;Holmes Place;16:37,0;;;;;SPORT;fitness;183
794587315;50,0869664;14,4509202;;00:53,0;;;;;SHOP;butcher;824
354693062;50,089204;14,4612059;Netfox;38:06,0;;;;;SHOP;electronics;669
3623039044;50,0872402;14,4568513;Economy haircut;27:37,0;;;;;SHOP;hairdresser;743
3623112906;50,0877802;14,4571696;Drogerie Teta;39:58,0;;;;;SHOP;chemist;688
3740655553;50,0850232;14,452911;minimarket;49:22,0;;;;;SHOP;convenience;994
3740680432;50,0930854;14,4521674;;02:36,0;;;;;SHOP;butcher;235
794587317;50,0866539;14,4470019;;01:25,0;;;;;SHOP;grocery;993
3448220174;50,1019923;14,4510191;La Bottega Tusarova;43:39,0;;;;;SHOP;deli;955
3740673231;50,0864052;14,4522746;u Prokopa;55:40,0;;;;;SHOP;convenience;853
1200846325;50,0865303;14,4526142;Jaroslav Ha??ek;54:01,0;;;;;TOURISM;artwork;834
3445105953;50,0902761;14,4504469;Hotel Adeba;57:45,0;;;;;TOURISM;hotel;524
2192324688;50,0967444;14,4652556;Vino Portugal;00:37,0;Mol??kova;;;18600;AMENITY;bar;786
2245961299;50,0926655;14,4571926;Karl?≠nsk?? pivnice;02:17,0;B?ôezinova;;;;AMENITY;restaurant;191
2318495359;50,0936462;14,442033;OMV;32:40,0;;;;;AMENITY;car_wash;945
2261816985;50,0938012;14,4561787;Sion;28:56,0;;;;;AMENITY;pub;67
2261944836;50,0944903;14,4562486;Bistro Proti proudu;32:13,0;;;;;AMENITY;restaurant;102
2318495360;50,1028063;14,4560014;;32:40,0;;;;;AMENITY;parking;998
2442556324;50,0931339;14,4546345;Shadow Cafe;07:44,0;K?ôi???≠kova;Praha;;18600;AMENITY;bar;89
2270497637;50,0945192;14,452788;Pol?©vk??rna;52:21,0;;;;;AMENITY;fast_food;191
2318297306;50,0917086;14,4559689;Qarta architektura;38:23,0;Pernerova;;;180 00;AMENITY;architect_office;242
2408660187;50,0873932;14,4642402;Cafeteria & Pizzeria PERSONA;43:36,0;;;;;AMENITY;restaurant;963
2261835811;50,0934703;14,454677;ƒ??≠nsk?© bistro;51:06,0;;;;;AMENITY;restaurant;57
2291607754;50,0999173;14,4490435;Fio banka;06:30,0;;;;;AMENITY;atm;808
2371761749;50,0915223;14,4564122;;02:40,0;;;;;AMENITY;recycling;271
2441464586;50,0911515;14,4455366;;34:37,0;;;;;AMENITY;police;756
1675003190;50,1026434;14,4526754;;06:40,0;;;;;BARRIER;gate;996
911776319;50,0921229;14,4423094;;13:18,0;;;;;AMENITY;post_box;944
937503030;50,0921364;14,4426072;;56:01,0;;;;;AMENITY;telephone;923
1702407138;50,0940605;14,4520153;;59:02,0;;;;;BARRIER;gate;232
1761467533;50,0967265;14,4612092;;33:34,0;;;;;BARRIER;block;534
1814905337;50,0994266;14,4496649;;32:07,0;;;;;BARRIER;toll_booth;738
1814905358;50,1004717;14,4494455;;24:27,0;;;;;BARRIER;gate;846
1467045220;50,0955894;14,4586379;;31:10,0;;;;;BARRIER;block;311
1814905356;50,1003342;14,4490235;;24:27,0;;;;;BARRIER;entrance;848
1922684409;50,0943893;14,4444773;;59:08,0;;;;;BARRIER;bollard;772
2291607738;50,0998843;14,4499137;;18:05,0;;;;;BARRIER;gate;772
21311310;50,0904868;14,4533561;;50:47,0;;;;;BARRIER;bollard;396
2145830413;50,0877782;14,4619436;;06:47,0;;;;;BARRIER;bollard;827
1702407068;50,0882922;14,4552972;;21:57,0;;;;;BARRIER;gate;617
1702407115;50,0939735;14,4520556;;59:01,0;;;;;BARRIER;lift_gate;228
25662315;50,089432;14,4433536;;47:01,0;;;;;HIGHWAY;traffic_signals;981
304692107;50,0953807;14,4544557;;57:35,0;;;;;HIGHWAY;crossing;180
25662760;50,093645;14,4458272;;37:49,0;;;;;HIGHWAY;traffic_signals;673
306268762;50,0904819;14,4680156;;52:42,0;;;;;HIGHWAY;crossing;987
307281664;50,0888203;14,460891;ƒ?ern?≠nova;24:01,0;;;;;HIGHWAY;bus_stop;689
293572105;50,0857386;14,4555169;Rokycanova;02:10,0;;;;;HIGHWAY;bus_stop;901
306700204;50,0926607;14,4520088;;42:25,0;;;;;HIGHWAY;crossing;265
309312501;50,0984137;14,4432407;;45:17,0;;;;;HIGHWAY;crossing;997
282546210;50,089088;14,4623263;ƒ?ern?≠nova;56:11,0;;;;;HIGHWAY;bus_stop;732
282546212;50,0872866;14,4521254;Tachovsk?© n??mƒõst?≠;57:14,0;;;;;HIGHWAY;bus_stop;762
306268760;50,0904338;14,4677047;;52:42,0;;;;;HIGHWAY;crossing;969
307211303;50,0898007;14,4611183;;53:53,0;;;;;HIGHWAY;turning_circle;615
309312500;50,0983868;14,443305;;45:17,0;;;;;HIGHWAY;traffic_signals;992
282546213;50,0867438;14,4468255;U Pam??tn?≠ku;25:13,0;;;;;HIGHWAY;bus_stop;992
306700189;50,0927368;14,4523254;;42:16,0;;;;;HIGHWAY;crossing;241
1276837951;50,0867041;14,4626342;;19:06,0;;;;;MAN_MADE;chimney;953
1276837981;50,0875202;14,4515809;;19:08,0;;;;;MAN_MADE;chimney;750
3999437160;50,0905718;14,4629317;;39:18,0;;;;;LEISURE;playground;659
1276824540;50,0917211;14,4554835;;01:14,0;;;;;MAN_MADE;chimney;236
2822806792;50,1016561;14,4484404;;05:08,0;;;;;LEISURE;playground;996
2187162106;50,101827;14,4540411;Tusarova - Arm??da sp??sy;52:55,0;;;;;MAN_MADE;surveillance;892
2197217573;50,0896516;14,4518632;Invalidovna - Park 3;32:44,0;;;;;MAN_MADE;surveillance;524
2197217587;50,088606;14,4468646;Invalidovna - Park 1;32:44,0;;;;;MAN_MADE;surveillance;835
2197359826;50,0948071;14,4601244;Kaizlovy sady7;15:12,0;;;;;MAN_MADE;surveillance;365
2197371428;50,0923705;14,4474322;Karl?≠nsk?© n??mƒõst?≠;19:28,0;;;;;MAN_MADE;surveillance;582
2197371436;50,0908218;14,448666;Karl?≠nsk?© n??m. 316/7;19:28,0;;;;;MAN_MADE;surveillance;577
2197464730;50,0909767;14,4530434;Pernerova - Th??mova VO -otoƒçn??;24:27,0;;;;;MAN_MADE;surveillance;355
2161935842;50,0909587;14,4666535;;08:05,0;;;;;LEISURE;playground;877
313826836;50,1010209;14,4519355;;13:45,0;;;;;MAN_MADE;chimney;832
386174282;50,0951548;14,4564141;Urxova;06:39,0;;;;;RAILWAY;tram_stop;168
4142343080;50,0902038;14,4680138;;52:21,0;;;;;RAILWAY;railway_crossing;999
4142343509;50,0904662;14,4678977;;52:22,0;;;;;RAILWAY;crossing;980
4142343511;50,0904806;14,4680059;;52:22,0;;;;;RAILWAY;crossing;986
4142343526;50,090706;14,467933;;52:22,0;;;;;RAILWAY;switch;972
524468308;50,0933106;14,4481087;;36:57,0;;;;;RAILWAY;crossing;513
1258710284;50,0898385;14,461607;;32:58,0;;;;;SHOP;yes;636
386174299;50,0978677;14,4651817;Invalidovna;04:46,0;;;;;RAILWAY;tram_stop;840
3986180425;50,0913462;14,4450002;;20:12,0;;;;;SHOP;butcher;783
794536582;50,0876546;14,4569819;Billa;39:58,0;;;;;SHOP;supermarket;699
794609199;50,087182;14,4520604;;20:11,0;;;;;SHOP;jewelry;774
3740687832;50,0855625;14,4514069;Columbo;05:27,0;;;;;TOURISM;hotel;960
3623093468;50,091437;14,4683616;;21:49,0;;;;;TOURISM;viewpoint;976
467964164;50,0885304;14,4630249;Hejtman;41:26,0;;;;;TOURISM;hotel;811
4002541608;50,0918435;14,4435887;Greenpeace ƒ?esk?? republika;11:59,0;Prvn?≠ho pluku;Praha 8;;18600;UNCATEGORIZED;;862
2499163521;50,0943956;14,4440917;;59:36,0;;;;;AMENITY;bicycle_parking;800
264838977;50,1004957;14,4461141;;01:19,0;;;;;AMENITY;post_box;987
2499163518;50,0934815;14,4552614;;55:17,0;;;;;AMENITY;bicycle_parking;39
2499163524;50,094701;14,446066;;33:00,0;;;;;AMENITY;bicycle_parking;663
2499163532;50,0967681;14,4627751;;55:18,0;;;;;AMENITY;bicycle_parking;629
264838978;50,100599;14,4463288;;31:17,0;;;;;AMENITY;atm;985
296608746;50,0870535;14,4502687;Vegan City;44:04,0;Husitsk??;Praha;;13000;AMENITY;restaurant;834
2437320833;50,0908039;14,4530196;Peter‚Äôs Burger;12:26,0;;;;;AMENITY;restaurant;373
2441470042;50,0939068;14,4569455;Vin??rna Veltl?≠n;05:00,0;K?ôi???≠kova;Praha;;18600;AMENITY;bar;122
246535561;50,1012774;14,4479412;;04:09,0;;;;;AMENITY;pharmacy;978
2499163535;50,0968763;14,4661467;;55:18,0;;;;;AMENITY;bicycle_parking;850
2691013558;50,0992274;14,4450921;SaSaZu;35:10,0;;;;;AMENITY;restaurant;941
2691013570;50,0987682;14,4453998;;35:10,0;;;;;AMENITY;atm;892
2886705951;50,0970982;14,4651202;Pizzeria Amfora;11:00,0;;;;;AMENITY;restaurant;794
1981601776;50,0961725;14,4567313;;16:25,0;;;;;BARRIER;block;280
2397318799;50,088145;14,444812;;37:48,0;;;;;BARRIER;block;978
1675003193;50,1027212;14,4557153;;12:39,0;;;;;BARRIER;gate;988
2397318796;50,088135;14,4450113;;37:48,0;;;;;BARRIER;chain;968
318015879;50,0984151;14,4462061;;53:07,0;;;;;BARRIER;gate;822
1814905350;50,099864;14,4493147;;26:53,0;;;;;BARRIER;entrance;792
1977649489;50,0946981;14,4440022;;59:07,0;;;;;BARRIER;bollard;809
2685399753;50,0944942;14,4633892;;41:33,0;;;;;BARRIER;bollard;587
3330874653;50,1027612;14,4551899;;12:36,0;;;;;BARRIER;gate;992
3330874652;50,1027314;14,455143;;12:36,0;;;;;BARRIER;gate;989
3428595204;50,0916226;14,4558888;;12:55,0;;;;;BARRIER;gate;250
26422688;50,0938141;14,4462103;;08:53,0;;;;;HIGHWAY;crossing;646
2669337450;50,0980379;14,465378;;31:07,0;;;;;HIGHWAY;crossing;862
306674190;50,0912732;14,4684384;Ohrada;08:42,0;;;;;HIGHWAY;bus_stop;986
344481244;50,0901507;14,4676021;;52:42,0;;;;;HIGHWAY;crossing;975
357943537;50,1006552;14,4465404;;23:50,0;;;;;HIGHWAY;crossing;980
352906040;50,0870846;14,4642949;;06:13,0;;;;;HIGHWAY;crossing;992
357626981;50,0858976;14,4553694;;48:14,0;;;;;HIGHWAY;crossing;883
3218465772;50,0956399;14,4543129;;01:36,0;;;;;HIGHWAY;crossing;210
2175338990;50,0869532;14,4606608;Jeseniova 42;14:30,0;;;;;MAN_MADE;surveillance;858
2175406586;50,086702;14,4522119;Prokopovo n??mƒõst?≠;54:39,0;;;;;MAN_MADE;surveillance;823
2175406602;50,0867123;14,4520027;Prokopovo n??mƒõst?≠ VO-pevn??;54:39,0;;;;;MAN_MADE;surveillance;825
2175480338;50,0876347;14,4530836;Tachovsk?© n??mƒõst?≠;12:59,0;;;;;MAN_MADE;surveillance;707
2187162107;50,1017238;14,4538373;Tusarova - Arm??da sp??sy- pevn??;52:55,0;;;;;MAN_MADE;surveillance;882
2187165355;50,1005126;14,4501144;Jateƒçn?≠ - Komunard?? VO;56:54,0;;;;;MAN_MADE;surveillance;827
2197359827;50,0944492;14,4604355;Kaizlovy sady8 -otoƒçn??;15:12,0;;;;;MAN_MADE;surveillance;377
2197371443;50,0908218;14,4489986;Karl?≠nsk?© n??m. 316/7;19:28,0;;;;;MAN_MADE;surveillance;558
2197464735;50,0911901;14,4419766;Prvn?≠ho Pluku 17/320;24:27,0;;;;;MAN_MADE;surveillance;993
2197464748;50,0910868;14,4427812;Prvn?≠ho pluku 6/172;24:27,0;;;;;MAN_MADE;surveillance;942
313826834;50,100873;14,4494435;;01:15,0;;;;;MAN_MADE;chimney;885
3685624991;50,0969824;14,4500058;;24:18,0;;;;;MAN_MADE;pier;512
2175394807;50,0903675;14,4679618;Ohrada ( Konƒõvova - J. ??elivsk?©ho;49:57,0;;;;;MAN_MADE;surveillance;988
2197359825;50,0952269;14,4599527;Kaizlovy sady5;15:12,0;;;;;MAN_MADE;surveillance;370
2197359831;50,0949929;14,4589662;Kaizlovy sady4;15:12,0;;;;;MAN_MADE;surveillance;295
2197371419;50,0929625;14,4464559;Karl?≠nsk?© n??mƒõst?≠-Sokolovsk??;19:28,0;;;;;MAN_MADE;surveillance;636
2197464752;50,0909732;14,4531507;Pernerova - Th??mova VO -pevn??;24:27,0;;;;;MAN_MADE;surveillance;352
1276837923;50,0927351;14,449381;;19:05,0;;;;;MAN_MADE;chimney;436
2175338995;50,0863715;14,4592875;Jeseniova;13:43,0;;;;;MAN_MADE;surveillance;879
2197328287;50,0972091;14,4644159;Invalidovna Metro;03:33,0;;;;;MAN_MADE;surveillance;755
2197359829;50,0954541;14,4592339;Kaizlovy sady2;15:12,0;;;;;MAN_MADE;surveillance;337
2197371449;50,090734;14,4478587;Karl?≠nsk?© n??mƒõst?≠ 7;19:28,0;;;;;MAN_MADE;surveillance;631
313826840;50,0911349;14,4503484;;13:19,0;;;;;MAN_MADE;chimney;461
2187162105;50,1019027;14,4504363;Tusarova 35/429;52:54,0;;;;;MAN_MADE;surveillance;960
2197217582;50,0903124;14,455511;Invalidovna - Park 5;32:44,0;;;;;MAN_MADE;surveillance;392
2197217591;50,0892799;14,4495243;Invalidovna - Park 2;32:44,0;;;;;MAN_MADE;surveillance;651
2197328290;50,0909732;14,4587296;Invalidovna - Park 7 - otoƒçn??;03:33,0;;;;;MAN_MADE;surveillance;405
2187165763;50,1004437;14,4504684;Jateƒçn?≠ - park;13:43,0;;;;;MAN_MADE;surveillance;810
2187168701;50,1008704;14,4465631;Jateƒçn?≠ 17/1457;59:23,0;;;;;MAN_MADE;surveillance;998
2197217580;50,0900233;14,4539875;Invalidovna - Park 4;32:44,0;;;;;MAN_MADE;surveillance;433
2197359828;50,0946557;14,4594699;Kaizlovy sady6;15:12,0;;;;;MAN_MADE;surveillance;315
2197359832;50,095399;14,4586867;Kaizlovy sady1;15:12,0;;;;;MAN_MADE;surveillance;301
3685641869;50,0981015;14,4463278;;24:18,0;;;;;MAN_MADE;pier;794
1968330555;50,0946717;14,4550508;;59:23,0;;;;;AMENITY;telephone;93
386174280;50,0938824;14,4506919;K?ôi???≠kova;05:02,0;;;;;RAILWAY;tram_stop;325
4142343507;50,0904574;14,4678998;;52:22,0;;;;;RAILWAY;railway_crossing;980
2080322476;50,0922862;14,4439378;;19:42,0;;;;;SHOP;butcher;827
2796265427;50,0855234;14,4540167;Tesco Express;16:41,0;;;;;SHOP;supermarket;929
4142343508;50,0904658;14,4678941;;52:22,0;;;;;RAILWAY;crossing;980
29581461;50,1008196;14,4500681;Tusarova;40:53,0;;;;;PUBLIC_TRANSPORT;stop_position;860
296781306;50,0931083;14,4482238;;49:46,0;Karl?≠nsk?© n??mƒõst?≠;;;18600;AMENITY;post_office;508
296785871;50,0926733;14,4512708;;02:37,0;K?ôi???≠kova;;;18600;AMENITY;pub;312
3104072138;50,0895631;14,4639625;Restaurace Ro??mit??lka;08:14,0;Konƒõvova;Praha;;13000;AMENITY;restaurant;784
3104120229;50,0896551;14,4643774;Pho Nem;53:28,0;Konƒõvova;Praha;;13000;AMENITY;restaurant;802
316829904;50,1019795;14,4502403;Mƒõstsk?? knihovna v praze - poboƒçka Sedmiƒçka;42:57,0;Tusarova;Praha;;17000;AMENITY;library;973
3082106132;50,0854041;14,4548361;Alien Music bar;46:29,0;Sabinova;Praha 3;;130 00;AMENITY;bar;938
3183031195;50,0912834;14,4450002;Presto meat - market;20:12,0;V?≠tkova;Praha 8;;18600;AMENITY;restaurant;785
3338568720;50,0906192;14,4531312;Hostinec U Tunelu;21:00,0;Th??mova;Praha;;18600;AMENITY;restaurant;388
3346737424;50,0911938;14,4468691;Dharmasala;32:01,0;Peckova;Praha 8;;18600;AMENITY;cafe;667
3363948613;50,0935064;14,4482665;Karl?≠nsk?? ml??n;10:36,0;Sokolovsk??;Praha 8;;18600;AMENITY;restaurant;500
3365733452;50,0950143;14,4575695;Porto;26:43,0;Urxova;Praha;;18600;AMENITY;restaurant;211
3442548798;50,1024423;14,4546523;;36:31,0;;;;;AMENITY;parking;957
3448220174;50,1019923;14,4510191;La Bottega Tusarova;43:39,0;;;;;AMENITY;restaurant;955
3478305575;50,0893975;14,4662443;Marmel??da;12:08,0;Roh??ƒçova;Praha;;13000;AMENITY;cafe;929
3533086711;50,0921027;14,4431117;Sushi Time Sokolovsk??;55:54,0;Sokolovsk??;Praha;;18600;AMENITY;restaurant;889
296725781;50,09367;14,4502065;Chinese;39:45,0;Sokolovsk??;;;18600;AMENITY;restaurant;360
296843120;50,1001944;14,4521611;Rumika;20:14,0;;;;;AMENITY;restaurant;740
307204291;50,0897229;14,4646361;Komerƒçn?≠ banka;37:13,0;;;;;AMENITY;bank;813
3082113033;50,0885173;14,4587977;Klub Signal;46:29,0;Konƒõvova;Praha;;;AMENITY;bar;644
3473009821;50,0873363;14,4529671;;14:11,0;;;;;AMENITY;clock;741
3473009822;50,0879135;14,4536652;;14:11,0;;;;;AMENITY;bench;668
3473009823;50,0879149;14,453765;;14:11,0;;;;;AMENITY;bench;667
718337339;50,1010743;14,4498689;;52:04,0;;;;;BARRIER;gate;891
357517806;50,0984352;14,4438862;;17:41,0;;;;;BARRIER;gate;959
2929096602;50,0957416;14,4497548;Rezidence Vltava;23:13,0;Rohansk?© n??b?ôe???≠;Praha;;18600;BUILDING;apartments;445
1016463531;50,0936233;14,4562968;;55:40,0;;;;;HIGHWAY;crossing;79
1016463584;50,1006468;14,4499201;;55:43,0;;;;;HIGHWAY;crossing;847
1016463629;50,0954573;14,4583166;;35:18,0;;;;;HIGHWAY;crossing;284
1016463637;50,1019349;14,4555676;;36:28,0;;;;;HIGHWAY;crossing;900
1016463672;50,1006015;14,4502396;;53:39,0;;;;;HIGHWAY;crossing;832
1016463757;50,1014861;14,4498864;;55:50,0;;;;;HIGHWAY;crossing;932
3623014345;50,0882034;14,4553594;;21:57,0;;;;;BARRIER;gate;627
384826770;50,0911833;14,4658647;;59:14,0;;;;;BARRIER;gate;815
463191705;50,0941902;14,4458513;;33:23,0;;;;;BARRIER;lift_gate;672
718337340;50,100858;14,4498798;;52:04,0;;;;;BARRIER;gate;869
1016463485;50,0910151;14,4530538;;36:25,0;;;;;HIGHWAY;crossing;351
1016463503;50,0984102;14,445569;;55:39,0;;;;;HIGHWAY;crossing;858
1016463552;50,0952248;14,4572528;;35:18,0;;;;;HIGHWAY;crossing;210
1016463614;50,0936753;14,4565297;;55:43,0;;;;;HIGHWAY;crossing;94
1016463841;50,0933486;14,455477;;55:53,0;;;;;HIGHWAY;crossing;57
1016463861;50,0955276;14,4546233;;57:33,0;;;;;HIGHWAY;crossing;192
1016463882;50,1007089;14,4500736;;40:54,0;;;;;HIGHWAY;crossing;848
1023770032;50,1019847;14,4500136;;40:55,0;;;;;HIGHWAY;crossing;980
1023770196;50,1007265;14,4468339;;17:09,0;;;;;HIGHWAY;crossing;973
1023770240;50,1018946;14,4524034;;17:10,0;;;;;HIGHWAY;crossing;918
1016463656;50,0948827;14,4547203;;35:18,0;;;;;HIGHWAY;crossing;121
1016463668;50,0956431;14,4545685;;57:33,0;;;;;HIGHWAY;crossing;206
1016463851;50,1018276;14,4541966;;55:54,0;;;;;HIGHWAY;crossing;891
1023769731;50,1018968;14,452676;;16:58,0;;;;;HIGHWAY;crossing;914
1035742544;50,0888675;14,4615742;;40:47,0;;;;;HIGHWAY;crossing;715
1016463510;50,1004327;14,450239;;55:39,0;;;;;HIGHWAY;crossing;815
1016463553;50,100402;14,4523997;;55:41,0;;;;;HIGHWAY;crossing;757
1016463747;50,1020115;14,4541912;;55:49,0;;;;;HIGHWAY;crossing;912
1016463892;50,0926281;14,4522138;;55:55,0;;;;;HIGHWAY;crossing;255
1023769394;50,1018511;14,4498908;;16:51,0;;;;;HIGHWAY;crossing;969
1035742924;50,0885339;14,4598236;;41:01,0;;;;;HIGHWAY;crossing;675
1035743149;50,0881151;14,4602015;;41:11,0;;;;;HIGHWAY;crossing;729
1035743374;50,0882189;14,4611257;;41:22,0;;;;;HIGHWAY;crossing;753
1108730081;50,0943297;14,4484477;;37:48,0;;;;;HIGHWAY;crossing;489
1131753242;50,0863335;14,4528789;;06:06,0;;;;;HIGHWAY;crossing;851
1131753321;50,0864836;14,452196;;06:08,0;;;;;HIGHWAY;crossing;846
1131753349;50,0867161;14,4517412;;06:08,0;;;;;HIGHWAY;crossing;831
1131753412;50,0870558;14,4513016;;06:09,0;;;;;HIGHWAY;crossing;805
1131753455;50,0873;14,4631161;;06:10,0;;;;;HIGHWAY;crossing;920
1131753461;50,089354;14,4632642;;06:10,0;;;;;HIGHWAY;crossing;760
1131753475;50,0877087;14,4566182;;06:10,0;;;;;HIGHWAY;crossing;689
1131753523;50,0871035;14,4569247;;06:11,0;;;;;HIGHWAY;crossing;758
1131753610;50,086131;14,4528677;;06:12,0;;;;;HIGHWAY;crossing;874
1131776567;50,0901419;14,4665883;;24:48,0;;;;;HIGHWAY;crossing;910
1131810275;50,090772;14,4427472;;54:30,0;;;;;HIGHWAY;crossing;956
1138616728;50,0851111;14,4536538;;44:37,0;;;;;HIGHWAY;crossing;977
2507325666;50,0947372;14,4549277;;17:00,0;;;;;EMERGENCY;fire_hydrant;102
1016463558;50,1019086;14,4543029;;55:42,0;;;;;HIGHWAY;crossing;899
1016463718;50,1005557;14,4542309;;55:48,0;;;;;HIGHWAY;crossing;750
1016463839;50,1002641;14,4523977;;53:39,0;;;;;HIGHWAY;crossing;742
1023769805;50,1018567;14,4501582;;16:59,0;;;;;HIGHWAY;crossing;962
416624127;50,0966896;14,4622907;;36:52,0;;;;;HIGHWAY;crossing;595
524468308;50,0933106;14,4481087;;36:57,0;;;;;HIGHWAY;crossing;513
794638620;50,0870599;14,4571112;;06:17,0;;;;;HIGHWAY;crossing;765
293572387;50,098301;14,4442095;Pra??sk?? tr??nice;40:53,0;;;;;PUBLIC_TRANSPORT;stop_position;932
309312497;50,0983142;14,4468626;Pra??sk?? tr??nice;40:53,0;;;;;PUBLIC_TRANSPORT;stop_position;779
1229196596;50,0928861;14,4462029;;35:28,0;;;;;RAILWAY;crossing;655
1300228470;50,0904553;14,4678154;;52:40,0;;;;;RAILWAY;crossing;975
1711595281;50,0928483;14,4684593;;52:41,0;;;;;RAILWAY;switch;952
386174282;50,0951548;14,4564141;Urxova;06:39,0;;;;;PUBLIC_TRANSPORT;stop_position;168
3154111828;50,0929;14,4522833;Bageterie Boulevard;13:44,0;Th??mova;Praha;;18600;AMENITY;fast_food;235
3229526510;50,0872326;14,4536243;Cafe Bar Roka;23:19,0;;;;;AMENITY;restaurant;743
3245912667;50,0924026;14,4528812;;11:13,0;;;;;AMENITY;charging_station;232
354693061;50,0888166;14,460677;;54:50,0;;;;;AMENITY;telephone;680
3731378274;50,0930139;14,4603252;Kav??rna Divok?© matky;37:45,0;;;;;AMENITY;cafe;375
4120903720;50,0934102;14,4455331;;48:40,0;;;;;AMENITY;recycling;696
4120907377;50,0929739;14,4462921;;51:00,0;;;;;AMENITY;clock;647
426178630;50,0874807;14,4528167;Planeta ??i??kov;19:19,0;;;;;AMENITY;restaurant;728
458511885;50,0942605;14,4447772;Po??ta 87;46:19,0;;;;;AMENITY;post_office;750
467964162;50,088908;14,4606701;Alabama;41:26,0;;;;;AMENITY;restaurant;672
536114644;50,0931315;14,4465047;;55:27,0;;;;;AMENITY;telephone;630
575173347;50,0885905;14,4503665;Cafe Bar V?≠tkov;25:29,0;;;;;AMENITY;cafe;680
585220061;50,0907698;14,4488071;D??m dƒõt?≠ a ml??de??e hl. m. Prahy;27:56,0;;;;;AMENITY;school;573
619170375;50,093365;14,4517348;Ve?ôejn?© WC;59:16,0;;;;;AMENITY;toilets;256
794587316;50,0874784;14,4534658;U Slovansk?© l?≠py;19:18,0;;;;;AMENITY;restaurant;718
1814905355;50,1003256;14,4493324;;24:27,0;;;;;BARRIER;entrance;836
1814905357;50,1004712;14,4464717;;24:27,0;;;;;BARRIER;gate;968
2161935841;50,0907973;14,4674663;;08:05,0;;;;;BARRIER;gate;938
2041544239;50,0928991;14,4518586;GM Electronic;43:33,0;;;;;SHOP;electronics;263
2261835806;50,0936845;14,4555446;Veƒçerka;45:01,0;;;;;SHOP;convenience;27
2651970587;50,0989489;14,4485191;Olson;04:32,0;;;;;SHOP;sports;744
291562418;50,1001005;14,4490905;Alza.cz;32:08,0;;;;;SHOP;hifi;823
307164157;50,0898016;14,4649773;;16:21,0;;;;;SHOP;car_parts;829
310485702;50,0900362;14,4674319;;21:48,0;;;;;SHOP;butcher;969
3293033061;50,0914173;14,4491948;Studio Artesilver;31:16,0;;;;;SHOP;jewelry;509
3623046808;50,0868788;14,4559447;;34:37,0;;;;;SHOP;florist;775
534434356;50,0871885;14,4521236;;20:11,0;;;;;SHOP;books;772
3229526530;50,0872189;14,4551428;??abka;07:36,0;;;;;SHOP;convenience;736
3276685322;50,1003728;14,4461743;Alkohol a cigarety;24:08,0;;;;;SHOP;newsagent;974
3364070145;50,0927221;14,4459292;Potraviny;02:38,0;;;;;SHOP;convenience;677
2651970584;50,0996508;14,4485812;Mountfield;04:32,0;;;;;SHOP;doityourself;802
2691013563;50,0996476;14,4454461;Teta;57:08,0;;;;;SHOP;chemist;953
2869808510;50,0943528;14,4521939;Country Life;51:55,0;Sokolovsk??;Praha;;18600;SHOP;yes;225
307220749;50,089076;14,4615559;;01:30,0;;;;;SHOP;grocery;696
335789613;50,0892647;14,4670745;;01:31,0;;;;;SHOP;grocery;988
296493483;50,0852001;14,4550787;;39:48,0;Havl?≠ƒçkovo n??mƒõst?≠;;;13000;SHOP;convenience;961
3276685324;50,1000157;14,4454937;Ji?ô?≠ MAR?†?ÅL - v??roba kl?≠ƒç??;24:08,0;;;;;SHOP;locksmith;978
3276685325;50,1004089;14,4458511;Moravsk?? Banka v?≠n;34:08,0;;;;;SHOP;alcohol;992
3364070144;50,0926542;14,4446471;Teta Drogerie;02:38,0;V?≠tkova;Praha 8;;18600;SHOP;chemist;769
354692396;50,0866033;14,4480084;PS electronic;34:24,0;;;;;SHOP;electronics;956
658933284;50,0872321;14,4527809;;01:15,0;;;;;SHOP;grocery;755
718337263;50,1011633;14,4497531;M&P Copier;36:37,0;;;;;SHOP;copyshop;904
765048795;50,0899862;14,4671817;Tesco Express;36:54,0;;;;;SHOP;supermarket;956
794609198;50,0872172;14,4522599;;20:11,0;;;;;SHOP;newsagent;766
742443865;50,1020996;14,4599899;GreenYacht Hotel;12:58,0;U Libe??sk?©ho mostu;Praha;;18000;SPORT;indoor golf;979
357552813;50,1020233;14,4497452;;26:42,0;;;;;SHOP;chemist;991
3625383996;50,0923803;14,4520095;Sabores - ??panƒõlsk?© potraviny;10:01,0;Th??mova;Praha;;18600;SHOP;yes;282
3316237814;50,086024;14,4489778;Blind Eye Hostel;49:15,0;;;;;TOURISM;hostel;978
354692399;50,0868048;14,4501296;Victor;40:43,0;;;;;TOURISM;hotel;863
3364070143;50,0927291;14,4445877;Caf?© Element;02:38,0;V?≠tkova;Praha 8;;18600;AMENITY;cafe;772
3494634670;50,0938934;14,4517244;Starbucks;13:25,0;;;;;AMENITY;cafe;251
3545259957;50,0942946;14,4431042;Noodle Bar Sukhothai;45:54,0;Karolinsk??;Praha 8;;18600;AMENITY;restaurant;869
354692394;50,0904033;14,4426668;Pivnice u Fandy;39:19,0;;;;;AMENITY;pub;977
354693058;50,0872182;14,4538671;ƒ?esk?? spo?ôitelna;41:36,0;;;;;AMENITY;bank;743
3285422367;50,0868483;14,4488204;Pivovar Victor;04:51,0;;;;;AMENITY;restaurant;903
3417082895;50,0931263;14,4517666;;56:06,0;;;;;AMENITY;atm;260
3473009824;50,0879155;14,4537089;;14:11,0;;;;;AMENITY;bicycle_parking;668
3545269889;50,0943485;14,4453765;OLIVE Karolinsk??;26:14,0;;;;;AMENITY;restaurant;708
3623091681;50,0889766;14,4518186;;19:52,0;;;;;AMENITY;bench;593
3726625338;50,0867697;14,452441;Guston;30:59,0;;;;;AMENITY;restaurant;811
3727956565;50,0971837;14,4652925;;59:08,0;;;;;AMENITY;telephone;809
3731379526;50,0941474;14,4552732;Vinot?©ka Karl?≠n;40:13,0;;;;;AMENITY;bar;34
3731381252;50,0935158;14,4562401;Deli Shop;42:36,0;;;;;AMENITY;bar;80
3245912668;50,0923302;14,4529267;;11:13,0;;;;;AMENITY;charging_station;235
335789615;50,0900374;14,467013;;54:38,0;;;;;AMENITY;telephone;942
3364070146;50,0926839;14,4457728;Quick & Easy;02:39,0;;;;;AMENITY;fast_food;689
3417082876;50,0930815;14,4516859;Raiffeisenbank;56:05,0;;;;;AMENITY;bank;267
354693059;50,0879376;14,4579389;GE money;49:03,0;;;;;AMENITY;bank;684
357979380;50,1019587;14,4495491;U Zlat?©ho slunce;03:05,0;;;;;AMENITY;restaurant;990
3598845293;50,094052;14,4508665;mamacoffee;46:22,0;;;;;AMENITY;cafe;313
3623048005;50,0869632;14,4563363;;37:55,0;;;;;AMENITY;post_box;768
3623046811;50,0866018;14,4557166;;34:37,0;;;;;AMENITY;social_facility;805
3722050234;50,0931132;14,4545352;Garage;07:44,0;K?ôi???≠kova;Praha;;18600;AMENITY;fast_food;95
3722711154;50,0913917;14,4467823;Nejen Bistro;35:09,0;K?ôi???≠kova;Praha 8;;18600;AMENITY;restaurant;663
3731381254;50,094933;14,4560509;Havran Caf?©;46:56,0;;;;;AMENITY;cafe;134
3740677369;50,0933939;14,4519936;Bageterie;02:36,0;;;;;AMENITY;fast_food;237
1035742754;50,0884433;14,4618973;;40:56,0;;;;;HIGHWAY;crossing;766
1035742764;50,0883982;14,4588155;;57:14,0;;;;;HIGHWAY;crossing;657
1108730077;50,0941872;14,4485221;;38:21,0;;;;;HIGHWAY;traffic_signals;482
1131753238;50,0869284;14,4610906;;06:06,0;;;;;HIGHWAY;crossing;875
1131753273;50,0891645;14,4651435;;06:07,0;;;;;HIGHWAY;crossing;879
1131753296;50,0870477;14,4617538;;06:07,0;;;;;HIGHWAY;crossing;887
1131753332;50,0874013;14,4554352;;57:15,0;;;;;HIGHWAY;crossing;716
1131753513;50,0866733;14,4555613;;06:11,0;;;;;HIGHWAY;crossing;797
1035743157;50,0875982;14,4604975;;41:11,0;;;;;HIGHWAY;crossing;789
1131753209;50,0863255;14,4565789;;06:06,0;;;;;HIGHWAY;crossing;841
1131753270;50,0873159;14,4636673;;06:07,0;;;;;HIGHWAY;crossing;943
1131753299;50,087263;14,4629176;;06:07,0;;;;;HIGHWAY;crossing;914
1131753366;50,0891126;14,4653433;;06:09,0;;;;;HIGHWAY;crossing;893
1131753556;50,0871006;14,451063;;57:15,0;;;;;HIGHWAY;crossing;807
1131753673;50,0892057;14,4633355;;06:13,0;;;;;HIGHWAY;crossing;775
1131783047;50,0867833;14,449371;;57:15,0;;;;;HIGHWAY;crossing;890
1138616537;50,0850982;14,4548706;;08:43,0;;;;;HIGHWAY;crossing;972
1138616563;50,0850786;14,4535157;;44:34,0;;;;;HIGHWAY;crossing;982
1138616616;50,0850192;14,453685;;44:35,0;;;;;HIGHWAY;crossing;987
1229196596;50,0928861;14,4462029;;35:28,0;;;;;HIGHWAY;crossing;655
1229196646;50,0931326;14,4442158;;36:12,0;;;;;HIGHWAY;crossing;792
1229196700;50,0947775;14,4511748;;35:29,0;;;;;HIGHWAY;crossing;309
1303475873;50,0915033;14,447043;;42:09,0;;;;;HIGHWAY;crossing;641
1016463480;50,101905;14,4540647;;55:37,0;;;;;HIGHWAY;crossing;901
1016463500;50,094688;14,4548216;;35:18,0;;;;;HIGHWAY;crossing;98
1016463816;50,0949133;14,4557638;;35:18,0;;;;;HIGHWAY;crossing;125
1023769679;50,100794;14,4469819;;16:57,0;;;;;HIGHWAY;crossing;973
1131753298;50,086742;14,4553643;;06:07,0;;;;;HIGHWAY;crossing;789
1131753357;50,0872254;14,4638572;;06:09,0;;;;;HIGHWAY;crossing;959
1131753399;50,0869663;14,4609539;;06:09,0;;;;;HIGHWAY;crossing;867
1131753448;50,0866914;14,4519808;;56:11,0;;;;;HIGHWAY;crossing;828
1131753603;50,0872593;14,4552869;;42:15,0;;;;;HIGHWAY;crossing;731
1131776592;50,0905522;14,4660348;;24:49,0;;;;;HIGHWAY;crossing;854
1131810289;50,0905563;14,4428486;;54:30,0;;;;;HIGHWAY;crossing;958
1138616623;50,0853317;14,4555877;;44:35,0;;;;;HIGHWAY;crossing;946
1229196551;50,092481;14,4443764;;35:27,0;;;;;HIGHWAY;crossing;791
1229196660;50,0899417;14,4478783;;36:12,0;;;;;HIGHWAY;crossing;682
1229196683;50,0911299;14,4453018;;36:13,0;;;;;HIGHWAY;crossing;772
1229196702;50,0909865;14,4532409;;36:13,0;;;;;HIGHWAY;crossing;348
1303475855;50,0940371;14,4578848;;30:41,0;;;;;HIGHWAY;crossing;190
1108730078;50,0942281;14,448721;;41:23,0;;;;;HIGHWAY;crossing;468
1108730082;50,0942722;14,4484809;;38:22,0;;;;;HIGHWAY;traffic_signals;486
1108730084;50,0943122;14,4486836;;41:23,0;;;;;HIGHWAY;crossing;472
1131753265;50,0873574;14,4630041;;06:07,0;;;;;HIGHWAY;crossing;910
1131753517;50,0871009;14,4616379;;06:11,0;;;;;HIGHWAY;crossing;878
1131753530;50,0871669;14,4514504;;57:15,0;;;;;HIGHWAY;crossing;790
1131753552;50,0897143;14,4648175;;06:11,0;;;;;HIGHWAY;crossing;824
1131776617;50,0900934;14,466399;;37:38,0;;;;;HIGHWAY;crossing;900
1138616570;50,0852734;14,4557482;;44:34,0;;;;;HIGHWAY;crossing;953
1138616662;50,085482;14,4541303;;44:36,0;;;;;HIGHWAY;crossing;933
1229196538;50,0902515;14,4497483;;36:08,0;;;;;HIGHWAY;crossing;560
1229196656;50,0940122;14,4512766;;59:18,0;;;;;HIGHWAY;crossing;284
1229196673;50,0938773;14,4459412;;08:46,0;;;;;HIGHWAY;crossing;665
1229178047;50,0919429;14,4422413;;18:15,0;;;;;HIGHWAY;crossing;953
1229196540;50,0931973;14,4480249;;35:27,0;;;;;HIGHWAY;crossing;521
1229196542;50,093692;14,446293;;41:23,0;;;;;HIGHWAY;crossing;640
1229196549;50,0899087;14,4481044;;36:09,0;;;;;HIGHWAY;crossing;672
1229196595;50,0947468;14,4545918;;35:28,0;;;;;HIGHWAY;crossing;111
1229196624;50,0925765;14,444458;;36:11,0;;;;;HIGHWAY;crossing;784
1229196636;50,0892548;14,4450507;;36:12,0;;;;;HIGHWAY;crossing;889
1229196639;50,0911914;14,4451173;;36:12,0;;;;;HIGHWAY;crossing;781
1229196642;50,0940889;14,4516219;;35:28,0;;;;;HIGHWAY;crossing;260
1229196671;50,0929751;14,4465913;;35:28,0;;;;;HIGHWAY;crossing;626
1303475737;50,0969398;14,462145;;37:48,0;;;;;HIGHWAY;crossing;602
1303475789;50,0938579;14,4573462;;42:07,0;;;;;HIGHWAY;crossing;150
1366400444;50,0978304;14,4654449;;31:09,0;;;;;HIGHWAY;crossing;854
1421111955;50,0921598;14,4571061;;52:30,0;;;;;HIGHWAY;crossing;229
1035742535;50,0877428;14,4613398;;40:47,0;;;;;HIGHWAY;crossing;806
1035742919;50,0876824;14,4614771;;41:01,0;;;;;HIGHWAY;crossing;817
1131736472;50,0902666;14,4675845;;47:49,0;;;;;HIGHWAY;crossing;968
1131753322;50,08958;14,4648942;;06:08,0;;;;;HIGHWAY;crossing;837
1131776643;50,0899394;14,4665147;;24:50,0;;;;;HIGHWAY;crossing;916
1229196541;50,0941169;14,4513885;;40:11,0;;;;;HIGHWAY;crossing;277
1229196554;50,0902732;14,4495433;;36:09,0;;;;;HIGHWAY;crossing;568
1229196580;50,0901737;14,4493668;;36:10,0;;;;;HIGHWAY;crossing;585
1229196613;50,0901355;14,4496105;;36:11,0;;;;;HIGHWAY;crossing;576
1229196674;50,0935735;14,4461164;;57:33,0;;;;;HIGHWAY;crossing;653
1229196682;50,0895842;14,4462243;;36:13,0;;;;;HIGHWAY;crossing;800
1138616643;50,0853934;14,4546685;;44:35,0;;;;;HIGHWAY;crossing;940
524468284;50,0930245;14,4463863;;36:56,0;;;;;HIGHWAY;crossing;640
524468302;50,0919679;14,4487843;;22:51,0;;;;;HIGHWAY;crossing;506
603700526;50,087472;14,4639902;;29:40,0;;;;;HIGHWAY;crossing;945
631442035;50,0865575;14,4574926;;06:25,0;;;;;HIGHWAY;crossing;825
655608209;50,0968937;14,4620293;;37:50,0;;;;;HIGHWAY;crossing;592
3471426876;50,0947636;14,4457342;;05:30,0;;;;;NATURAL;rock;687
3471426877;50,0948709;14,4462402;;05:30,0;;;;;NATURAL;rock;654
3471426878;50,0950093;14,4456077;;05:30,0;;;;;NATURAL;rock;701
3787795397;50,0972209;14,4647656;;16:51,0;;;;;NATURAL;tree;778
3788911338;50,0966332;14,4648606;;16:17,0;;;;;NATURAL;tree;755
3788911339;50,0965868;14,4648901;;16:17,0;;;;;NATURAL;tree;755
3787795391;50,0969043;14,4647878;;16:17,0;;;;;NATURAL;tree;763
386174281;50,0941996;14,4521216;K?ôi???≠kova;05:03,0;;;;;PUBLIC_TRANSPORT;stop_position;226
386174299;50,0978677;14,4651817;Invalidovna;04:46,0;;;;;PUBLIC_TRANSPORT;stop_position;840
1229196656;50,0940122;14,4512766;;59:18,0;;;;;RAILWAY;crossing;284
1662077324;50,0950378;14,4558961;;33:34,0;;;;;RAILWAY;crossing;141
1711518944;50,0913253;14,4422599;;03:12,0;;;;;RAILWAY;switch;970
386174263;50,0927525;14,4456012;Karl?≠nsk?© n??mƒõst?≠;04:55,0;;;;;PUBLIC_TRANSPORT;stop_position;700
1229196595;50,0947468;14,4545918;;35:28,0;;;;;RAILWAY;crossing;111
1229196642;50,0940889;14,4516219;;35:28,0;;;;;RAILWAY;crossing;260
1229196671;50,0929751;14,4465913;;35:28,0;;;;;RAILWAY;crossing;626
386174280;50,0938824;14,4506919;K?ôi???≠kova;05:02,0;;;;;PUBLIC_TRANSPORT;stop_position;325
1016463882;50,1007089;14,4500736;;40:54,0;;;;;RAILWAY;crossing;848
1023770032;50,1019847;14,4500136;;40:55,0;;;;;RAILWAY;crossing;980
1229196551;50,092481;14,4443764;;35:27,0;;;;;RAILWAY;crossing;791
1711518935;50,0906594;14,4424155;;52:03,0;;;;;RAILWAY;buffer_stop;983
318015877;50,0984334;14,4455711;;53:07,0;;;;;BARRIER;gate;860
1016463710;50,0935181;14,4553922;;55:48,0;;;;;HIGHWAY;crossing;37
1016463742;50,0935685;14,4564639;;55:49,0;;;;;HIGHWAY;crossing;92
1016463770;50,0937552;14,456368;;55:51,0;;;;;HIGHWAY;crossing;81
1016463775;50,0983801;14,4462035;;55:51,0;;;;;HIGHWAY;crossing;820
1016463806;50,102063;14,4558106;;53:45,0;;;;;HIGHWAY;crossing;915
1023770359;50,1017733;14,4500264;;40:56,0;;;;;HIGHWAY;crossing;958
1035742692;50,0875307;14,4606473;;40:53,0;;;;;HIGHWAY;crossing;801
1108730075;50,0940962;14,4487847;;41:23,0;;;;;HIGHWAY;crossing;462
1131736377;50,0901605;14,4675282;;52:40,0;;;;;HIGHWAY;traffic_signals;969
1131753230;50,0872011;14,4570011;;06:06,0;;;;;HIGHWAY;crossing;749
1131753268;50,089314;14,463431;;57:15,0;;;;;HIGHWAY;crossing;772
1131753360;50,087304;14,4529233;;57:15,0;;;;;HIGHWAY;crossing;745
1131753563;50,0884395;14,4653585;;06:11,0;;;;;HIGHWAY;crossing;940
1131753606;50,0875633;14,4640847;;06:12,0;;;;;HIGHWAY;crossing;942
1131776624;50,0903521;14,4674643;;24:50,0;;;;;HIGHWAY;crossing;956
1131810310;50,0906305;14,4421975;;04:18,0;;;;;HIGHWAY;crossing;999
1138616682;50,0856185;14,4540478;;44:36,0;;;;;HIGHWAY;crossing;918
1165450412;50,1019687;14,4525311;;54:36,0;;;;;HIGHWAY;crossing;924
1165450454;50,1017952;14,4525369;;54:37,0;;;;;HIGHWAY;crossing;905
1229178045;50,0920733;14,4421972;;18:15,0;;;;;HIGHWAY;crossing;953
1229178048;50,0920132;14,441921;;18:15,0;;;;;HIGHWAY;crossing;974
1229196607;50,0948553;14,4511308;;35:28,0;;;;;HIGHWAY;crossing;314
1421692700;50,0973226;14,4623227;;57:33,0;;;;;HIGHWAY;crossing;637
1825997287;50,0956647;14,4546524;;57:18,0;;;;;HIGHWAY;traffic_signals;207
1922635728;50,0938672;14,4435851;;00:00,0;;;;;HIGHWAY;crossing;833
1941178487;50,0947516;14,4510592;;11:10,0;;;;;HIGHWAY;traffic_signals;315
292456771;50,0984348;14,4645543;;57:35,0;;;;;HIGHWAY;crossing;839
29381141;50,0850681;14,4551396;;05:24,0;;;;;HIGHWAY;traffic_signals;975
297804996;50,0896942;14,4433489;;31:49,0;;;;;HIGHWAY;crossing;967
309312497;50,0983142;14,4468626;Pra??sk?? tr??nice;40:53,0;;;;;HIGHWAY;bus_stop;779
1487327463;50,0882134;14,4634666;Aron;32:43,0;;;;;TOURISM;hotel;859
2610451756;50,0935014;14,4444077;ƒ?esk?? podnikatelsk?? poji????ovna;24:17,0;;;;;SHOP;insurance;776
2651970586;50,0997097;14,446503;Norma;04:32,0;;;;;SHOP;supermarket;903
3623039746;50,0870991;14,4566501;;28:54,0;;;;;SHOP;bakery;756
1252116716;50,085786;14,4506834;Ti??erova ??kola boxu;03:15,0;;;;;SPORT;boxing;953
3229526508;50,0875846;14,4534392;Hostel L?≠pa;23:19,0;;;;;TOURISM;hostel;707
296741163;50,0922438;14,4492881;Charleston;46:00,0;K?ôi???≠kova;;;18600;AMENITY;restaurant;461
2822802653;50,1013242;14,449293;;00:20,0;;;;;AMENITY;pharmacy;934
296836739;50,0945199;14,4574041;Pizzeria Mana;52:27,0;Petra Slez??ka;;;18600;AMENITY;restaurant;172
296684785;50,094127;14,4511335;Komerƒçn?≠ banka;43:10,0;Sokolovsk??;;;18600;AMENITY;bank;295
296797825;50,0919096;14,4490704;Pizzeria Cihelna;27:57,0;K?ôi???≠kova;;;18600;AMENITY;restaurant;490
2640752299;50,0889875;14,4518036;;58:20,0;;;;;AMENITY;bicycle_parking;593
2691013566;50,0986563;14,4453983;;35:10,0;;;;;AMENITY;toilets;884
296830665;50,0933121;14,4520347;Pizzeria Carllino;43:34,0;Th??mova;;;18600;AMENITY;restaurant;236
307195072;50,0895011;14,4647503;U ƒ?esk?© chalupy;43:48,0;;;;;AMENITY;restaurant;834
3079739099;50,0872617;14,4539459;;24:02,0;;;;;AMENITY;atm;737
3086627019;50,0875274;14,4649473;Rebellion;43:36,0;;;;;AMENITY;restaurant;987
3188225065;50,0870671;14,4503255;CEEL;36:51,0;;;;;AMENITY;bar;831
296478500;50,0853312;14,4562155;;44:20,0;Jeseniova;;;13000;AMENITY;kindergarten;949
2886700332;50,0971266;14,4650062;;09:25,0;;;;;AMENITY;bicycle_parking;788
2886705950;50,0972436;14,4654742;Kebab;10:59,0;;;;;AMENITY;fast_food;824
306700004;50,0906773;14,453448;ƒ?ern?? koƒçka;50:48,0;;;;;AMENITY;restaurant;374
3188225064;50,0851929;14,4530296;U Agamy;38:58,0;;;;;AMENITY;restaurant;974
318014818;50,0994218;14,4498438;;15:59,0;;;;;BARRIER;gate;731
3623313762;50,0895446;14,4558219;;27:34,0;;;;;BARRIER;gate;479
4125046126;50,0882917;14,4552833;;21:57,0;;;;;BARRIER;gate;617
292456795;50,0980549;14,4587835;;42:14,0;;;;;BARRIER;bollard;532
357945612;50,1003715;14,4498921;;05:33,0;;;;;BARRIER;gate;821
357945683;50,1005421;14,4492832;;33:50,0;;;;;BARRIER;lift_gate;858
426177102;50,0873137;14,4518369;;04:23,0;;;;;BARRIER;gate;765
432507331;50,0922839;14,4673874;;03:21,0;;;;;BARRIER;gate;886
3428595203;50,0916073;14,4558157;;12:55,0;;;;;BARRIER;entrance;251
357945631;50,1005307;14,4473267;;41:46,0;;;;;BARRIER;block;935
384841642;50,1002572;14,4505307;;36:57,0;;;;;BARRIER;gate;789
463191711;50,0944162;14,4455614;;41:34,0;;;;;BARRIER;lift_gate;695
718337342;50,1011536;14,4498649;;52:05,0;;;;;BARRIER;gate;899
392032698;50,0881535;14,4553776;;59:18,0;;;;;BARRIER;gate;632
603696836;50,0866718;14,4625754;;41:35,0;;;;;BARRIER;gate;954
366415110;50,0918855;14,4419785;;18:15,0;;;;;HIGHWAY;crossing;973
3664215666;50,0956221;14,4543226;;01:36,0;;;;;HIGHWAY;traffic_signals;208
3815962567;50,0899266;14,4432265;Pernerova;40:50,0;;;;;HIGHWAY;bus_stop;963
354693060;50,0889675;14,4616905;;57:15,0;;;;;HIGHWAY;crossing;711
357626990;50,0866898;14,4522097;;56:11,0;;;;;HIGHWAY;crossing;824
373388490;50,0932238;14,4443317;;34:03,0;;;;;HIGHWAY;crossing;783
3685624988;50,0968852;14,4475622;;24:18,0;;;;;MAN_MADE;pier;645
765048994;50,0893851;14,4633757;;38:52,0;;;;;MAN_MADE;surveillance;764
794638627;50,0882003;14,4602064;;53:19,0;;;;;MAN_MADE;surveillance;720
1494176982;50,0860108;14,4555479;;31:14,0;;;;;AMENITY;recycling;871
1682875960;50,0998894;14,4461025;CykloPrag;35:11,0;;;;;SHOP;bicycle;938
2080322483;50,0919407;14,4423719;?†otek;19:42,0;;;;;SHOP;shoes;944
2261816986;50,0927687;14,453019;Albert;56:03,0;;;;;SHOP;supermarket;198
2291607737;50,0998743;14,4498147;RockOpera Praha;20:14,0;Komunard??;Praha;;17000;AMENITY;theatre;775
2291607745;50,0993736;14,445967;MERCATO;32:07,0;;;;;AMENITY;restaurant;905
1258710282;50,0896936;14,4613822;?†+?† Auto;22:51,0;;;;;SHOP;car_repair;637
2080322478;50,0924368;14,4436269;;19:42,0;;;;;SHOP;stationery;845
1838663299;50,086594;14,4472973;Kolalevne;43:13,0;;;;;SHOP;bicycle;986
2080322481;50,0937576;14,4513981;;19:42,0;;;;;SHOP;hairdresser;275
2796265430;50,0877733;14,4528936;Bajkazyl;01:35,0;Tachovsk?© n??mƒõst?≠;Praha 3;;13000;AMENITY;bar;695
2886693607;50,0909286;14,4651551;;06:00,0;;;;;AMENITY;bicycle_parking;779
296678525;50,0945756;14,455088;Pizzeria Vesuv;45:51,0;?†aldova;;;18600;AMENITY;restaurant;82
296728279;50,0950624;14,4567378;Studna;52:28,0;Sokolovsk??;;;18600;AMENITY;restaurant;173
1467045247;50,0966992;14,4619539;;35:52,0;;;;;RAILWAY;crossing;576
1711518908;50,089985;14,4515545;;52:01,0;;;;;RAILWAY;buffer_stop;503
386174263;50,0927525;14,4456012;Karl?≠nsk?© n??mƒõst?≠;04:55,0;;;;;RAILWAY;tram_stop;700
386174281;50,0941996;14,4521216;K?ôi???≠kova;05:03,0;;;;;RAILWAY;tram_stop;226
1241790358;50,0919863;14,4416078;Fair&Bio obch??dek;57:09,0;;;;;SHOP;fairtrade;997
2261835800;50,0937215;14,4558813;Veƒçerka;45:01,0;;;;;SHOP;convenience;47
2651970581;50,0993449;14,4476143;Koberce K+K;04:32,0;;;;;SHOP;furniture;820
2651970588;50,1003638;14,4465172;Penny Market;35:11,0;;;;;SHOP;supermarket;957
2651970589;50,0998093;14,4454601;??elez???ôsv?≠ U Rotta;35:11,0;;;;;SHOP;hardware;964
2796265431;50,0877733;14,4528936;Bajkazyl;01:35,0;Tachovsk?© n??mƒõst?≠;Praha 3;;13000;SHOP;bicycle;695
2664820742;50,0921608;14,4449597;SuperStarShop.cz (pouze v??dej;;;;;;;;
2691013552;50,1000445;14,445842;Eli??ka;35:10,0;;;;;SHOP;confectionery;963
307220746;50,0893691;14,4630431;Ehrlich;16:36,0;;;;;TOURISM;hotel;747
742443865;50,1020996;14,4599899;GreenYacht Hotel;12:58,0;U Libe??sk?©ho mostu;Praha;;18000;TOURISM;hotel;979
296838175;50,0941099;14,4524146;Meteor;59:16,0;Sokolovsk??;;;18600;UNCATEGORIZED;;204
297896692;50,0924094;14,4584222;Karl?≠n;35:17,0;;;;;UNCATEGORIZED;;277
